Model,Accuracy,Precision,Recall,F1-Score
ensemble,0.836544689119171,0.8247876542925445,0.836544689119171,0.8295259061855628
