Model,RMSE,MAE,MAPE,R-squared
ensemble,11.777357,8.645743,12.073205411434174,0.41493727676393755
