Model,Accuracy,Precision,Recall,F1-Score
bi_gru,0.8320919689119171,0.816819113142373,0.8320919689119171,0.8227104406145953
