Model,RMSE,MAE,MAPE,R-squared
bi_gru,11.89091,8.6220455,12.056714296340942,0.4036010298415037
