Model,RMSE,MAE,MAPE,R-squared
lstm,11.811567,8.645625,12.106665223836899,0.4115334402829629
