Model,Accuracy,Precision,Recall,F1-Score
lstm,0.8340349740932642,0.8138418792406835,0.8340349740932642,0.8197300917070953
