Model,RMSE,MAE,MAPE,R-squared
bi_lstm,11.65448,8.582466,11.854707449674606,0.4270818712148028
