Model,Accuracy,Precision,Recall,F1-Score
bi_lstm,0.8332253886010362,0.8107452437738142,0.8332253886010362,0.8164762445779449
