Model,Accuracy,Precision,Recall,F1-Score
gru,0.8299870466321243,0.7986204833296707,0.8299870466321243,0.7919221437157727
