Model,RMSE,MAE,MAPE,R-squared
gru,11.91473,8.768697,12.137293815612793,0.4012091488524283
